clueweb12-0000tw-00-00000	Flash Player	<http://www.wikidata.org/entity/Q857177>
clueweb12-0000tw-00-00001	Flash Player	<http://www.wikidata.org/entity/Q857177>
clueweb12-0000tw-00-00002	Flash Player	<http://www.wikidata.org/entity/Q857177>
clueweb12-0000tw-00-00003	Flash Player	<http://www.wikidata.org/entity/Q857177>
clueweb12-0000tw-00-00004	Flash Player	<http://www.wikidata.org/entity/Q857177>
clueweb12-0000tw-00-00008	God	<http://www.wikidata.org/entity/Q190>
clueweb12-0000tw-00-00008	God	<http://www.wikidata.org/entity/Q190>
clueweb12-0000tw-00-00008	God	<http://www.wikidata.org/entity/Q190>
clueweb12-0000tw-00-00008	God	<http://www.wikidata.org/entity/Q190>
clueweb12-0000tw-00-00008	God	<http://www.wikidata.org/entity/Q190>
clueweb12-0000tw-00-00008	God	<http://www.wikidata.org/entity/Q190>
clueweb12-0000tw-00-00008	Holy Spirit	<http://www.wikidata.org/entity/Q37302>
clueweb12-0000tw-00-00009	Walt Disney World	<http://www.wikidata.org/entity/Q206859>
clueweb12-0000tw-00-00009	WDW	<http://www.wikidata.org/entity/Q206859>
clueweb12-0000tw-00-00009	WDW	<http://www.wikidata.org/entity/Q206859>
clueweb12-0000tw-00-00009	WDW	<http://www.wikidata.org/entity/Q206859>
clueweb12-0000tw-00-00009	Disney Princess	<http://www.wikidata.org/entity/Q1140303>
clueweb12-0000tw-00-00009	Disney	<http://www.wikidata.org/entity/Q7414>
clueweb12-0000tw-00-00009	World series	<http://www.wikidata.org/entity/Q265538>
clueweb12-0000tw-00-00013	HIV Aids	<http://www.wikidata.org/entity/Q12199>
clueweb12-0000tw-00-00013	HIV AIDS	<http://www.wikidata.org/entity/Q12199>
clueweb12-0000tw-00-00013	Acquired Immune Deficiency Syndrome	<http://www.wikidata.org/entity/Q12199>
clueweb12-0000tw-00-00014	AIDS	<http://www.wikidata.org/entity/Q12199>
clueweb12-0000tw-00-00014	AIDS	<http://www.wikidata.org/entity/Q12199>
clueweb12-0000tw-00-00014	AIDS	<http://www.wikidata.org/entity/Q12199>
clueweb12-0000tw-00-00014	AIDS	<http://www.wikidata.org/entity/Q12199>
clueweb12-0000tw-00-00014	AIDS	<http://www.wikidata.org/entity/Q12199>
clueweb12-0000tw-00-00014	AIDS	<http://www.wikidata.org/entity/Q12199>
clueweb12-0000tw-00-00014	AIDS	<http://www.wikidata.org/entity/Q12199>
clueweb12-0000tw-00-00014	AIDS	<http://www.wikidata.org/entity/Q12199>
clueweb12-0000tw-00-00014	AIDS	<http://www.wikidata.org/entity/Q12199>
clueweb12-0000tw-00-00014	AIDS	<http://www.wikidata.org/entity/Q12199>
clueweb12-0000tw-00-00014	AIDS	<http://www.wikidata.org/entity/Q12199>
clueweb12-0000tw-00-00014	AIDS	<http://www.wikidata.org/entity/Q12199>
clueweb12-0000tw-00-00014	AIDS	<http://www.wikidata.org/entity/Q12199>
clueweb12-0000tw-00-00014	AIDS	<http://www.wikidata.org/entity/Q12199>
clueweb12-0000tw-00-00014	AIDS	<http://www.wikidata.org/entity/Q12199>
clueweb12-0000tw-00-00014	AIDS	<http://www.wikidata.org/entity/Q12199>
clueweb12-0000tw-00-00014	AIDS	<http://www.wikidata.org/entity/Q12199>
clueweb12-0000tw-00-00014	AIDS	<http://www.wikidata.org/entity/Q12199>
clueweb12-0000tw-00-00014	AIDS	<http://www.wikidata.org/entity/Q12199>
clueweb12-0000tw-00-00014	AIDS	<http://www.wikidata.org/entity/Q12199>
clueweb12-0000tw-00-00014	AIDS	<http://www.wikidata.org/entity/Q12199>
clueweb12-0000tw-00-00014	AIDS	<http://www.wikidata.org/entity/Q12199>
clueweb12-0000tw-00-00014	AIDS	<http://www.wikidata.org/entity/Q12199>
clueweb12-0000tw-00-00014	AIDS	<http://www.wikidata.org/entity/Q12199>
clueweb12-0000tw-00-00014	AIDS	<http://www.wikidata.org/entity/Q12199>
clueweb12-0000tw-00-00014	AIDS	<http://www.wikidata.org/entity/Q12199>
clueweb12-0000tw-00-00014	AIDS	<http://www.wikidata.org/entity/Q12199>
clueweb12-0000tw-00-00014	AIDS	<http://www.wikidata.org/entity/Q12199>
clueweb12-0000tw-00-00014	AIDS	<http://www.wikidata.org/entity/Q12199>
clueweb12-0000tw-00-00014	AIDS	<http://www.wikidata.org/entity/Q12199>
clueweb12-0000tw-00-00014	AIDS	<http://www.wikidata.org/entity/Q12199>
clueweb12-0000tw-00-00014	AIDS	<http://www.wikidata.org/entity/Q12199>
clueweb12-0000tw-00-00014	AIDS	<http://www.wikidata.org/entity/Q12199>
clueweb12-0000tw-00-00014	AIDS	<http://www.wikidata.org/entity/Q12199>
clueweb12-0000tw-00-00014	Acquired Immune Deficiency Syndrome	<http://www.wikidata.org/entity/Q12199>
clueweb12-0000tw-00-00015	Tinnitus	<http://www.wikidata.org/entity/Q192309>
clueweb12-0000tw-00-00015	Tinnitus	<http://www.wikidata.org/entity/Q192309>
clueweb12-0000tw-00-00015	Internet	<http://www.wikidata.org/entity/Q75>
clueweb12-0000tw-00-00016	AIDS	<http://www.wikidata.org/entity/Q12199>
clueweb12-0000tw-00-00016	AIDS	<http://www.wikidata.org/entity/Q12199>
clueweb12-0000tw-00-00016	AIDS	<http://www.wikidata.org/entity/Q12199>
clueweb12-0000tw-00-00016	AIDS	<http://www.wikidata.org/entity/Q12199>
clueweb12-0000tw-00-00016	AIDS	<http://www.wikidata.org/entity/Q12199>
clueweb12-0000tw-00-00016	AIDS	<http://www.wikidata.org/entity/Q12199>
clueweb12-0000tw-00-00016	AIDS	<http://www.wikidata.org/entity/Q12199>
clueweb12-0000tw-00-00016	AIDS	<http://www.wikidata.org/entity/Q12199>
clueweb12-0000tw-00-00016	AIDS	<http://www.wikidata.org/entity/Q12199>
clueweb12-0000tw-00-00016	AIDS	<http://www.wikidata.org/entity/Q12199>
clueweb12-0000tw-00-00016	AIDS	<http://www.wikidata.org/entity/Q12199>
clueweb12-0000tw-00-00016	AIDS	<http://www.wikidata.org/entity/Q12199>
clueweb12-0000tw-00-00016	AIDS	<http://www.wikidata.org/entity/Q12199>
clueweb12-0000tw-00-00016	AIDS	<http://www.wikidata.org/entity/Q12199>
clueweb12-0000tw-00-00016	AIDS	<http://www.wikidata.org/entity/Q12199>
clueweb12-0000tw-00-00016	AIDS	<http://www.wikidata.org/entity/Q12199>
clueweb12-0000tw-00-00016	AIDS	<http://www.wikidata.org/entity/Q12199>
clueweb12-0000tw-00-00016	AIDS	<http://www.wikidata.org/entity/Q12199>
clueweb12-0000tw-00-00016	AIDS	<http://www.wikidata.org/entity/Q12199>
clueweb12-0000tw-00-00016	AIDS	<http://www.wikidata.org/entity/Q12199>
clueweb12-0000tw-00-00016	AIDS	<http://www.wikidata.org/entity/Q12199>
clueweb12-0000tw-00-00016	AIDS	<http://www.wikidata.org/entity/Q12199>
clueweb12-0000tw-00-00016	AIDS	<http://www.wikidata.org/entity/Q12199>
clueweb12-0000tw-00-00016	AIDS	<http://www.wikidata.org/entity/Q12199>
clueweb12-0000tw-00-00016	AIDS	<http://www.wikidata.org/entity/Q12199>
clueweb12-0000tw-00-00016	AIDS	<http://www.wikidata.org/entity/Q12199>
clueweb12-0000tw-00-00017	AIDS	<http://www.wikidata.org/entity/Q12199>
clueweb12-0000tw-00-00018	Berlin	<http://www.wikidata.org/entity/Q64>
clueweb12-0000tw-00-00018	CCR5	<http://www.wikidata.org/entity/Q418404>
clueweb12-0000tw-00-00019	United States	<http://www.wikidata.org/entity/Q30>
clueweb12-0000tw-00-00019	US	<http://www.wikidata.org/entity/Q30>
clueweb12-0000tw-00-00019	US	<http://www.wikidata.org/entity/Q30>
clueweb12-0000tw-00-00019	Medicaid	<http://www.wikidata.org/entity/Q1141363>
clueweb12-0000tw-00-00019	CDC	<http://www.wikidata.org/entity/Q583725>
clueweb12-0000tw-00-00019	National Institute of Mental Health	<http://www.wikidata.org/entity/Q1967405>
clueweb12-0000tw-00-00019	NIMH	<http://www.wikidata.org/entity/Q1967405>
clueweb12-0000tw-00-00019	NIMH	<http://www.wikidata.org/entity/Q1967405>
clueweb12-0000tw-00-00020	Healthcare Management	<http://www.wikidata.org/entity/Q1137608>
clueweb12-0000tw-00-00020	Bachelors	<http://www.wikidata.org/entity/Q516445>
clueweb12-0000tw-00-00022	California	<http://www.wikidata.org/entity/Q99>
clueweb12-0000tw-00-00022	Alzheimer	<http://www.wikidata.org/entity/Q11081>
clueweb12-0000tw-00-00023	Americans	<http://www.wikidata.org/entity/Q30>
clueweb12-0000tw-00-00024	Newspaper	<http://www.wikidata.org/entity/Q11032>
clueweb12-0000tw-00-00024	Kansas City	<http://www.wikidata.org/entity/Q41819>
clueweb12-0000tw-00-00025	House	<http://www.wikidata.org/entity/Q3947>
clueweb12-0000tw-00-00026	Palliative Care	<http://www.wikidata.org/entity/Q29483>
clueweb12-0000tw-00-00026	Palliative Care	<http://www.wikidata.org/entity/Q29483>
clueweb12-0000tw-00-00026	Palliative care	<http://www.wikidata.org/entity/Q29483>
clueweb12-0000tw-00-00026	Palliative care	<http://www.wikidata.org/entity/Q29483>
clueweb12-0000tw-00-00026	Palliative care	<http://www.wikidata.org/entity/Q29483>
clueweb12-0000tw-00-00026	Palliative care	<http://www.wikidata.org/entity/Q29483>
clueweb12-0000tw-00-00026	Palliative care	<http://www.wikidata.org/entity/Q29483>
clueweb12-0000tw-00-00026	Palliative care	<http://www.wikidata.org/entity/Q29483>
clueweb12-0000tw-00-00026	Palliative care	<http://www.wikidata.org/entity/Q29483>
clueweb12-0000tw-00-00026	New Zealand	<http://www.wikidata.org/entity/Q664>
clueweb12-0000tw-00-00026	New Zealand	<http://www.wikidata.org/entity/Q664>
clueweb12-0000tw-00-00026	New Zealand	<http://www.wikidata.org/entity/Q664>
clueweb12-0000tw-00-00027	United	<http://www.wikidata.org/entity/Q174769>
clueweb12-0000tw-00-00027	United	<http://www.wikidata.org/entity/Q174769>
clueweb12-0000tw-00-00027	United	<http://www.wikidata.org/entity/Q174769>
clueweb12-0000tw-00-00027	United	<http://www.wikidata.org/entity/Q174769>
clueweb12-0000tw-00-00027	United	<http://www.wikidata.org/entity/Q174769>
clueweb12-0000tw-00-00027	United	<http://www.wikidata.org/entity/Q174769>
clueweb12-0000tw-00-00027	United	<http://www.wikidata.org/entity/Q174769>
clueweb12-0000tw-00-00027	United Healthcare	<http://www.wikidata.org/entity/Q2103926>
clueweb12-0000tw-00-00027	United HealthCare	<http://www.wikidata.org/entity/Q2103926>
clueweb12-0000tw-00-00027	United HealthCare	<http://www.wikidata.org/entity/Q2103926>
clueweb12-0000tw-00-00027	United HealthCare	<http://www.wikidata.org/entity/Q2103926>
clueweb12-0000tw-00-00027	United HealthCare	<http://www.wikidata.org/entity/Q2103926>
clueweb12-0000tw-00-00028	Breast	<http://www.wikidata.org/entity/Q9103>
clueweb12-0000tw-00-00028	Susan G. Komen	<http://www.wikidata.org/entity/Q246898>
clueweb12-0000tw-00-00028	Charlotte	<http://www.wikidata.org/entity/Q16565>
clueweb12-0000tw-00-00028	Estee Lauder	<http://www.wikidata.org/entity/Q285493>
clueweb12-0000tw-00-00028	Pink	<http://www.wikidata.org/entity/Q429220>
clueweb12-0000tw-00-00028	Breast Cancer	<http://www.wikidata.org/entity/Q128581>
clueweb12-0000tw-00-00029	Austin	<http://www.wikidata.org/entity/Q16559>
clueweb12-0000tw-00-00030	Uterine Cancer	<http://www.wikidata.org/entity/Q1209744>
clueweb12-0000tw-00-00030	Uterine Cancer	<http://www.wikidata.org/entity/Q1209744>
clueweb12-0000tw-00-00030	Uterine Cancer	<http://www.wikidata.org/entity/Q1209744>
clueweb12-0000tw-00-00030	Uterine Cancer	<http://www.wikidata.org/entity/Q1209744>
clueweb12-0000tw-00-00030	Uterine Cancer	<http://www.wikidata.org/entity/Q1209744>
clueweb12-0000tw-00-00030	Uterine Cancer	<http://www.wikidata.org/entity/Q1209744>
clueweb12-0000tw-00-00030	Uterine Cancer	<http://www.wikidata.org/entity/Q1209744>
clueweb12-0000tw-00-00030	Uterine Cancer	<http://www.wikidata.org/entity/Q1209744>
clueweb12-0000tw-00-00030	Uterine Cancer	<http://www.wikidata.org/entity/Q1209744>
clueweb12-0000tw-00-00031	Discover	<http://www.wikidata.org/entity/Q733742>
clueweb12-0000tw-00-00031	Leukemia	<http://www.wikidata.org/entity/Q29496>
clueweb12-0000tw-00-00031	Leukemia	<http://www.wikidata.org/entity/Q29496>
clueweb12-0000tw-00-00031	Leukemia	<http://www.wikidata.org/entity/Q29496>
clueweb12-0000tw-00-00031	Myeloma	<http://www.wikidata.org/entity/Q467635>
clueweb12-0000tw-00-00033	Greece	<http://www.wikidata.org/entity/Q41>
clueweb12-0000tw-00-00033	Greece	<http://www.wikidata.org/entity/Q41>
clueweb12-0000tw-00-00033	Greece	<http://www.wikidata.org/entity/Q41>
clueweb12-0000tw-00-00033	Athens	<http://www.wikidata.org/entity/Q1524>
clueweb12-0000tw-00-00033	European	<http://www.wikidata.org/entity/Q46>
clueweb12-0000tw-00-00033	CNNMoney	<http://www.wikidata.org/entity/Q2931769>
clueweb12-0000tw-00-00033	CNNMoney	<http://www.wikidata.org/entity/Q2931769>
clueweb12-0000tw-00-00033	NEW YORK	<http://www.wikidata.org/entity/Q60>
clueweb12-0000tw-00-00033	NEW YORK	<http://www.wikidata.org/entity/Q60>
clueweb12-0000tw-00-00033	US	<http://www.wikidata.org/entity/Q30>
clueweb12-0000tw-00-00033	Richard Drew	<http://www.wikidata.org/entity/Q1531836>
clueweb12-0000tw-00-00033	New York Stock Exchange	<http://www.wikidata.org/entity/Q13677>
clueweb12-0000tw-00-00034	Europe	<http://www.wikidata.org/entity/Q46>
clueweb12-0000tw-00-00034	New York Times	<http://www.wikidata.org/entity/Q9684>
clueweb12-0000tw-00-00034	FRANKFURT	<http://www.wikidata.org/entity/Q1794>
clueweb12-0000tw-00-00034	European Central Bank	<http://www.wikidata.org/entity/Q8901>
clueweb12-0000tw-00-00034	Bank of England	<http://www.wikidata.org/entity/Q183231>
clueweb12-0000tw-00-00035	First Solar	<http://www.wikidata.org/entity/Q1138888>
clueweb12-0000tw-00-00035	First Solar	<http://www.wikidata.org/entity/Q1138888>
clueweb12-0000tw-00-00035	CNN	<http://www.wikidata.org/entity/Q48340>
clueweb12-0000tw-00-00035	CNNMoney	<http://www.wikidata.org/entity/Q2931769>
clueweb12-0000tw-00-00035	NEW YORK	<http://www.wikidata.org/entity/Q60>
clueweb12-0000tw-00-00036	Washington Post	<http://www.wikidata.org/entity/Q166032>
clueweb12-0000tw-00-00037	NYSE Euronext	<http://www.wikidata.org/entity/Q13683>
clueweb12-0000tw-00-00037	NYSE Euronext	<http://www.wikidata.org/entity/Q13683>
clueweb12-0000tw-00-00037	NYSE Euronext	<http://www.wikidata.org/entity/Q13683>
clueweb12-0000tw-00-00037	Q4	<http://www.wikidata.org/entity/Q3186692>
clueweb12-0000tw-00-00037	Q4	<http://www.wikidata.org/entity/Q3186692>
clueweb12-0000tw-00-00037	Washington Post	<http://www.wikidata.org/entity/Q166032>
clueweb12-0000tw-00-00037	PARIS	<http://www.wikidata.org/entity/Q90>
clueweb12-0000tw-00-00037	Paris	<http://www.wikidata.org/entity/Q90>
clueweb12-0000tw-00-00037	Deutsche Boerse	<http://www.wikidata.org/entity/Q157852>
clueweb12-0000tw-00-00037	German	<http://www.wikidata.org/entity/Q183>
clueweb12-0000tw-00-00037	New York	<http://www.wikidata.org/entity/Q60>
clueweb12-0000tw-00-00038	NYSE Euronext	<http://www.wikidata.org/entity/Q13683>
clueweb12-0000tw-00-00038	NYSE Euronext	<http://www.wikidata.org/entity/Q13683>
clueweb12-0000tw-00-00038	NYSE Euronext	<http://www.wikidata.org/entity/Q13683>
clueweb12-0000tw-00-00038	Q4	<http://www.wikidata.org/entity/Q3186692>
clueweb12-0000tw-00-00038	Q4	<http://www.wikidata.org/entity/Q3186692>
clueweb12-0000tw-00-00038	Washington Post	<http://www.wikidata.org/entity/Q166032>
clueweb12-0000tw-00-00038	PARIS	<http://www.wikidata.org/entity/Q90>
clueweb12-0000tw-00-00038	Paris	<http://www.wikidata.org/entity/Q90>
clueweb12-0000tw-00-00038	Deutsche Boerse	<http://www.wikidata.org/entity/Q157852>
clueweb12-0000tw-00-00038	German	<http://www.wikidata.org/entity/Q183>
clueweb12-0000tw-00-00038	New York	<http://www.wikidata.org/entity/Q60>
clueweb12-0000tw-00-00039	Reuters	<http://www.wikidata.org/entity/Q130879>
clueweb12-0000tw-00-00039	Reuters	<http://www.wikidata.org/entity/Q130879>
clueweb12-0000tw-00-00039	Total SA	<http://www.wikidata.org/entity/Q154037>
clueweb12-0000tw-00-00039	French	<http://www.wikidata.org/entity/Q142>
clueweb12-0000tw-00-00040	Haiti	<http://www.wikidata.org/entity/Q790>
clueweb12-0000tw-00-00040	Wyclef Jean	<http://www.wikidata.org/entity/Q202663>
clueweb12-0000tw-00-00041	Irish Times	<http://www.wikidata.org/entity/Q1134208>
clueweb12-0000tw-00-00041	Russian	<http://www.wikidata.org/entity/Q159>
clueweb12-0000tw-00-00041	Irish Sea	<http://www.wikidata.org/entity/Q41735>
clueweb12-0000tw-00-00041	Holyhead	<http://www.wikidata.org/entity/Q257446>
clueweb12-0000tw-00-00041	Wales	<http://www.wikidata.org/entity/Q25>
clueweb12-0000tw-00-00041	MV Swanland	<http://www.wikidata.org/entity/Q2372074>
clueweb12-0000tw-00-00046	Internet Explorer	<http://www.wikidata.org/entity/Q1575>
clueweb12-0000tw-00-00046	FireFox	<http://www.wikidata.org/entity/Q698>
clueweb12-0000tw-00-00046	FireFox	<http://www.wikidata.org/entity/Q698>
clueweb12-0000tw-00-00046	FireFox	<http://www.wikidata.org/entity/Q698>
clueweb12-0000tw-00-00046	Safari	<http://www.wikidata.org/entity/Q35773>
clueweb12-0000tw-00-00046	WMV	<http://www.wikidata.org/entity/Q280761>
clueweb12-0000tw-00-00046	HERE	<http://www.wikidata.org/entity/Q129911>
clueweb12-0000tw-00-00046	MAC	<http://www.wikidata.org/entity/Q75687>
clueweb12-0000tw-00-00046	MAC	<http://www.wikidata.org/entity/Q75687>
clueweb12-0000tw-00-00046	Windows Media	<http://www.wikidata.org/entity/Q1189357>
clueweb12-0000tw-00-00046	Internet Service Providers	<http://www.wikidata.org/entity/Q11371>
clueweb12-0000tw-00-00046	ISP	<http://www.wikidata.org/entity/Q11371>
clueweb12-0000tw-00-00047	Recipes	<http://www.wikidata.org/entity/Q219239>
clueweb12-0000tw-00-00047	Mozzarella	<http://www.wikidata.org/entity/Q14088>
clueweb12-0000tw-00-00048	Cooking	<http://www.wikidata.org/entity/Q38695>
clueweb12-0000tw-00-00049	Paul Prudhomme	<http://www.wikidata.org/entity/Q1377468>
clueweb12-0000tw-00-00049	Cooking	<http://www.wikidata.org/entity/Q38695>
clueweb12-0000tw-00-00050	Cook	<http://www.wikidata.org/entity/Q156839>
clueweb12-0000tw-00-00050	Recipes	<http://www.wikidata.org/entity/Q219239>
clueweb12-0000tw-00-00050	Mozzarella	<http://www.wikidata.org/entity/Q14088>
clueweb12-0000tw-00-00051	Believe It Or Not	<http://www.wikidata.org/entity/Q1203684>
clueweb12-0000tw-00-00051	Believe It Or Not	<http://www.wikidata.org/entity/Q1203684>
clueweb12-0000tw-00-00051	Costco	<http://www.wikidata.org/entity/Q715583>
clueweb12-0000tw-00-00051	Costco	<http://www.wikidata.org/entity/Q715583>
clueweb12-0000tw-00-00051	Costco	<http://www.wikidata.org/entity/Q715583>
clueweb12-0000tw-00-00051	Sam's	<http://www.wikidata.org/entity/Q1972120>
clueweb12-0000tw-00-00051	Halloween	<http://www.wikidata.org/entity/Q251868>
clueweb12-0000tw-00-00053	The Bourne Legacy	<http://www.wikidata.org/entity/Q494048>
clueweb12-0000tw-00-00053	Matt Damon	<http://www.wikidata.org/entity/Q175535>
clueweb12-0000tw-00-00053	Matt Damon	<http://www.wikidata.org/entity/Q175535>
clueweb12-0000tw-00-00053	Jeremy Renner	<http://www.wikidata.org/entity/Q23365>
clueweb12-0000tw-00-00053	Tony Gilroy	<http://www.wikidata.org/entity/Q353117>
clueweb12-0000tw-00-00054	Indonesia	<http://www.wikidata.org/entity/Q252>
clueweb12-0000tw-00-00054	Indonesia	<http://www.wikidata.org/entity/Q252>
clueweb12-0000tw-00-00054	Indonesia	<http://www.wikidata.org/entity/Q252>
clueweb12-0000tw-00-00054	Indonesia	<http://www.wikidata.org/entity/Q252>
clueweb12-0000tw-00-00054	Indonesian	<http://www.wikidata.org/entity/Q252>
clueweb12-0000tw-00-00054	Indonesian	<http://www.wikidata.org/entity/Q252>
clueweb12-0000tw-00-00054	Greyson Chance	<http://www.wikidata.org/entity/Q298360>
clueweb12-0000tw-00-00054	Greyson	<http://www.wikidata.org/entity/Q298360>
clueweb12-0000tw-00-00054	Greyson Chance	<http://www.wikidata.org/entity/Q298360>
clueweb12-0000tw-00-00054	Greyson Chance	<http://www.wikidata.org/entity/Q298360>
clueweb12-0000tw-00-00054	Greyson	<http://www.wikidata.org/entity/Q298360>
clueweb12-0000tw-00-00054	Greyson Chance	<http://www.wikidata.org/entity/Q298360>
clueweb12-0000tw-00-00054	Greyson	<http://www.wikidata.org/entity/Q298360>
clueweb12-0000tw-00-00054	Greyson	<http://www.wikidata.org/entity/Q298360>
clueweb12-0000tw-00-00054	Greyson	<http://www.wikidata.org/entity/Q298360>
clueweb12-0000tw-00-00054	Greyson	<http://www.wikidata.org/entity/Q298360>
clueweb12-0000tw-00-00054	Greyson	<http://www.wikidata.org/entity/Q298360>
clueweb12-0000tw-00-00054	Greyson	<http://www.wikidata.org/entity/Q298360>
clueweb12-0000tw-00-00054	Greyson	<http://www.wikidata.org/entity/Q298360>
clueweb12-0000tw-00-00054	Greyson	<http://www.wikidata.org/entity/Q298360>
clueweb12-0000tw-00-00054	Greyson	<http://www.wikidata.org/entity/Q298360>
clueweb12-0000tw-00-00054	Greyson	<http://www.wikidata.org/entity/Q298360>
clueweb12-0000tw-00-00054	Greyson	<http://www.wikidata.org/entity/Q298360>
clueweb12-0000tw-00-00054	Greyson Chance	<http://www.wikidata.org/entity/Q298360>
clueweb12-0000tw-00-00054	Greyson Michael Chance	<http://www.wikidata.org/entity/Q298360>
clueweb12-0000tw-00-00054	Asia	<http://www.wikidata.org/entity/Q48>
clueweb12-0000tw-00-00054	Asia	<http://www.wikidata.org/entity/Q48>
clueweb12-0000tw-00-00054	You Tube	<http://www.wikidata.org/entity/Q866>
clueweb12-0000tw-00-00054	You Tube	<http://www.wikidata.org/entity/Q866>
clueweb12-0000tw-00-00054	Twitter	<http://www.wikidata.org/entity/Q918>
clueweb12-0000tw-00-00054	Oklahoma	<http://www.wikidata.org/entity/Q1649>
clueweb12-0000tw-00-00054	Lady Gaga	<http://www.wikidata.org/entity/Q19848>
clueweb12-0000tw-00-00054	Lady Gaga	<http://www.wikidata.org/entity/Q19848>
clueweb12-0000tw-00-00054	Lady Gaga	<http://www.wikidata.org/entity/Q19848>
clueweb12-0000tw-00-00054	Ellen DeGeneres Show	<http://www.wikidata.org/entity/Q839150>
clueweb12-0000tw-00-00054	Ellen	<http://www.wikidata.org/entity/Q839150>
clueweb12-0000tw-00-00054	Ellen	<http://www.wikidata.org/entity/Q839150>
clueweb12-0000tw-00-00054	Los Angeles	<http://www.wikidata.org/entity/Q65>
clueweb12-0000tw-00-00054	Ellen DeGeneres	<http://www.wikidata.org/entity/Q483325>
clueweb12-0000tw-00-00054	Ellen DeGeneres	<http://www.wikidata.org/entity/Q483325>
clueweb12-0000tw-00-00054	Ellen DeGeneres	<http://www.wikidata.org/entity/Q483325>
clueweb12-0000tw-00-00054	Interscope Records	<http://www.wikidata.org/entity/Q231694>
clueweb12-0000tw-00-00054	Yahoo	<http://www.wikidata.org/entity/Q37093>
clueweb12-0000tw-00-00054	Los Angeles Times	<http://www.wikidata.org/entity/Q188515>
clueweb12-0000tw-00-00054	ABC World News	<http://www.wikidata.org/entity/Q700417>
clueweb12-0000tw-00-00054	David Archuleta	<http://www.wikidata.org/entity/Q214831>
clueweb12-0000tw-00-00054	Guy Oseary	<http://www.wikidata.org/entity/Q5622519>
clueweb12-0000tw-00-00054	Madonna	<http://www.wikidata.org/entity/Q1744>
clueweb12-0000tw-00-00054	Demi Moore	<http://www.wikidata.org/entity/Q43044>
clueweb12-0000tw-00-00054	Waiting Outside the Lines	<http://www.wikidata.org/entity/Q3545223>
clueweb12-0000tw-00-00054	iTunes	<http://www.wikidata.org/entity/Q9589>
clueweb12-0000tw-00-00054	Waiting4U	<http://www.wikidata.org/entity/Q3205728>
clueweb12-0000tw-00-00054	USA	<http://www.wikidata.org/entity/Q30>
clueweb12-0000tw-00-00054	Cody Simpson	<http://www.wikidata.org/entity/Q314319>
clueweb12-0000tw-00-00054	Australian	<http://www.wikidata.org/entity/Q408>
clueweb12-0000tw-00-00054	Hold On 'Til the Night	<http://www.wikidata.org/entity/Q3133013>
clueweb12-0000tw-00-00054	Malaysia	<http://www.wikidata.org/entity/Q833>
clueweb12-0000tw-00-00054	Singapore	<http://www.wikidata.org/entity/Q334>
clueweb12-0000tw-00-00054	Philippine	<http://www.wikidata.org/entity/Q928>
clueweb12-0000tw-00-00054	Fox	<http://www.wikidata.org/entity/Q166419>
clueweb12-0000tw-00-00054	Raising Hope	<http://www.wikidata.org/entity/Q34669>
clueweb12-0000tw-00-00054	Christina Aguilera	<http://www.wikidata.org/entity/Q41594>
clueweb12-0000tw-00-00054	John Lennon	<http://www.wikidata.org/entity/Q1203>
clueweb12-0000tw-00-00054	Elton John	<http://www.wikidata.org/entity/Q2808>
clueweb12-0000tw-00-00054	Pink	<http://www.wikidata.org/entity/Q160009>
clueweb12-0000tw-00-00054	Hayley Williams	<http://www.wikidata.org/entity/Q201562>
clueweb12-0000tw-00-00056	Ron Paul	<http://www.wikidata.org/entity/Q15257>
clueweb12-0000tw-00-00056	Ron Paul	<http://www.wikidata.org/entity/Q15257>
clueweb12-0000tw-00-00056	MSNBC	<http://www.wikidata.org/entity/Q13973>
clueweb12-0000tw-00-00056	MSNBC	<http://www.wikidata.org/entity/Q13973>
clueweb12-0000tw-00-00056	South Africa	<http://www.wikidata.org/entity/Q258>
clueweb12-0000tw-00-00056	Rhino	<http://www.wikidata.org/entity/Q34718>
clueweb12-0000tw-00-00056	Rhino	<http://www.wikidata.org/entity/Q34718>
clueweb12-0000tw-00-00056	Rhinos	<http://www.wikidata.org/entity/Q34718>
clueweb12-0000tw-00-00056	X-ray	<http://www.wikidata.org/entity/Q34777>
clueweb12-0000tw-00-00057	Brian Cashman	<http://www.wikidata.org/entity/Q2924879>
clueweb12-0000tw-00-00057	Brian Cashman	<http://www.wikidata.org/entity/Q2924879>
clueweb12-0000tw-00-00057	Cashman	<http://www.wikidata.org/entity/Q2924879>
clueweb12-0000tw-00-00057	Cashman	<http://www.wikidata.org/entity/Q2924879>
clueweb12-0000tw-00-00057	Cashman	<http://www.wikidata.org/entity/Q2924879>
clueweb12-0000tw-00-00057	Cashman	<http://www.wikidata.org/entity/Q2924879>
clueweb12-0000tw-00-00057	Cashman	<http://www.wikidata.org/entity/Q2924879>
clueweb12-0000tw-00-00057	Cashman	<http://www.wikidata.org/entity/Q2924879>
clueweb12-0000tw-00-00057	Cashman	<http://www.wikidata.org/entity/Q2924879>
clueweb12-0000tw-00-00057	Cashman	<http://www.wikidata.org/entity/Q2924879>
clueweb12-0000tw-00-00057	Cashman	<http://www.wikidata.org/entity/Q2924879>
clueweb12-0000tw-00-00057	Yankees	<http://www.wikidata.org/entity/Q213417>
clueweb12-0000tw-00-00057	Yankees	<http://www.wikidata.org/entity/Q213417>
clueweb12-0000tw-00-00057	Yankees	<http://www.wikidata.org/entity/Q213417>
clueweb12-0000tw-00-00057	Daily News	<http://www.wikidata.org/entity/Q627827>
clueweb12-0000tw-00-00057	Southern District of New York	<http://www.wikidata.org/entity/Q49669>
clueweb12-0000tw-00-00057	FBI	<http://www.wikidata.org/entity/Q8333>
clueweb12-0000tw-00-00057	British	<http://www.wikidata.org/entity/Q145>
clueweb12-0000tw-00-00057	Manhattan	<http://www.wikidata.org/entity/Q11299>
clueweb12-0000tw-00-00057	Post	<http://www.wikidata.org/entity/Q2764521>
clueweb12-0000tw-00-00057	Post	<http://www.wikidata.org/entity/Q2764521>
clueweb12-0000tw-00-00057	Documentary	<http://www.wikidata.org/entity/Q93204>
clueweb12-0000tw-00-00057	Fatal Attraction	<http://www.wikidata.org/entity/Q504157>
clueweb12-0000tw-00-00058	Sauce	<http://www.wikidata.org/entity/Q178359>
clueweb12-0000tw-00-00058	Sauce	<http://www.wikidata.org/entity/Q178359>
clueweb12-0000tw-00-00058	Sauce	<http://www.wikidata.org/entity/Q178359>
clueweb12-0000tw-00-00058	Sauce	<http://www.wikidata.org/entity/Q178359>
clueweb12-0000tw-00-00058	Sauce	<http://www.wikidata.org/entity/Q178359>
clueweb12-0000tw-00-00058	Sauce	<http://www.wikidata.org/entity/Q178359>
clueweb12-0000tw-00-00058	Italian	<http://www.wikidata.org/entity/Q38>
clueweb12-0000tw-00-00058	Italian	<http://www.wikidata.org/entity/Q38>
clueweb12-0000tw-00-00058	East Village	<http://www.wikidata.org/entity/Q1043326>
clueweb12-0000tw-00-00058	Albany	<http://www.wikidata.org/entity/Q24861>
clueweb12-0000tw-00-00058	LIC	<http://www.wikidata.org/entity/Q1190597>
clueweb12-0000tw-00-00058	New York	<http://www.wikidata.org/entity/Q60>
clueweb12-0000tw-00-00058	Surgeon General	<http://www.wikidata.org/entity/Q1434880>
clueweb12-0000tw-00-00058	Xmas	<http://www.wikidata.org/entity/Q1758090>
clueweb12-0000tw-00-00059	Inwood	<http://www.wikidata.org/entity/Q1189533>
clueweb12-0000tw-00-00059	Brighton Beach	<http://www.wikidata.org/entity/Q915813>
clueweb12-0000tw-00-00059	Upper West Side	<http://www.wikidata.org/entity/Q429687>
clueweb12-0000tw-00-00059	American	<http://www.wikidata.org/entity/Q30>
clueweb12-0000tw-00-00059	NY Post	<http://www.wikidata.org/entity/Q211374>
clueweb12-0000tw-00-00059	East Coast	<http://www.wikidata.org/entity/Q4268>
clueweb12-0000tw-00-00059	Facebook	<http://www.wikidata.org/entity/Q355>
clueweb12-0000tw-00-00059	New York	<http://www.wikidata.org/entity/Q60>
clueweb12-0000tw-00-00059	New England	<http://www.wikidata.org/entity/Q18389>
clueweb12-0000tw-00-00059	Andre	<http://www.wikidata.org/entity/Q501407>
clueweb12-0000tw-00-00059	Andre	<http://www.wikidata.org/entity/Q501407>
clueweb12-0000tw-00-00059	Staten Island	<http://www.wikidata.org/entity/Q18432>
clueweb12-0000tw-00-00059	Rockaway	<http://www.wikidata.org/entity/Q62569>
clueweb12-0000tw-00-00059	New York Bay	<http://www.wikidata.org/entity/Q1190104>
clueweb12-0000tw-00-00059	Verrazano-Narrows Bridge	<http://www.wikidata.org/entity/Q125673>
clueweb12-0000tw-00-00059	Brooklyn	<http://www.wikidata.org/entity/Q18419>
clueweb12-0000tw-00-00059	Central Park Zoo	<http://www.wikidata.org/entity/Q954207>
clueweb12-0000tw-00-00060	New YORK	<http://www.wikidata.org/entity/Q60>
clueweb12-0000tw-00-00060	Twitter	<http://www.wikidata.org/entity/Q918>
clueweb12-0000tw-00-00060	Bloomberg	<http://www.wikidata.org/entity/Q13977>
clueweb12-0000tw-00-00060	Bloomberg	<http://www.wikidata.org/entity/Q13977>
clueweb12-0000tw-00-00060	DA	<http://www.wikidata.org/entity/Q761877>
clueweb12-0000tw-00-00060	DA	<http://www.wikidata.org/entity/Q761877>
clueweb12-0000tw-00-00060	DA	<http://www.wikidata.org/entity/Q761877>
clueweb12-0000tw-00-00060	DA	<http://www.wikidata.org/entity/Q761877>
clueweb12-0000tw-00-00060	DA	<http://www.wikidata.org/entity/Q761877>
clueweb12-0000tw-00-00060	NYPd	<http://www.wikidata.org/entity/Q328473>
clueweb12-0000tw-00-00060	NYPD	<http://www.wikidata.org/entity/Q328473>
clueweb12-0000tw-00-00060	NYPD	<http://www.wikidata.org/entity/Q328473>
clueweb12-0000tw-00-00060	Dude	<http://www.wikidata.org/entity/Q942988>
clueweb12-0000tw-00-00060	National Enquirer	<http://www.wikidata.org/entity/Q1814777>
clueweb12-0000tw-00-00060	Nice	<http://www.wikidata.org/entity/Q33959>
clueweb12-0000tw-00-00060	New YORK POST	<http://www.wikidata.org/entity/Q211374>
clueweb12-0000tw-00-00061	Indian Point	<http://www.wikidata.org/entity/Q1516614>
clueweb12-0000tw-00-00061	Indian Point	<http://www.wikidata.org/entity/Q1516614>
clueweb12-0000tw-00-00061	Indian Point	<http://www.wikidata.org/entity/Q1516614>
clueweb12-0000tw-00-00061	Indian Point	<http://www.wikidata.org/entity/Q1516614>
clueweb12-0000tw-00-00061	Indian Point	<http://www.wikidata.org/entity/Q1516614>
clueweb12-0000tw-00-00061	Indian Point	<http://www.wikidata.org/entity/Q1516614>
clueweb12-0000tw-00-00061	Indian Point	<http://www.wikidata.org/entity/Q1516614>
clueweb12-0000tw-00-00061	Georgia	<http://www.wikidata.org/entity/Q1428>
clueweb12-0000tw-00-00061	Georgia	<http://www.wikidata.org/entity/Q1428>
clueweb12-0000tw-00-00061	Georgia	<http://www.wikidata.org/entity/Q1428>
clueweb12-0000tw-00-00061	Georgia	<http://www.wikidata.org/entity/Q1428>
clueweb12-0000tw-00-00061	Nuclear Regulatory Commission	<http://www.wikidata.org/entity/Q1320326>
clueweb12-0000tw-00-00061	Nuclear Regulatory Commission	<http://www.wikidata.org/entity/Q1320326>
clueweb12-0000tw-00-00061	Augusta	<http://www.wikidata.org/entity/Q181962>
clueweb12-0000tw-00-00061	Three Mile Island	<http://www.wikidata.org/entity/Q840847>
clueweb12-0000tw-00-00061	New York City	<http://www.wikidata.org/entity/Q60>
clueweb12-0000tw-00-00061	NYC	<http://www.wikidata.org/entity/Q60>
clueweb12-0000tw-00-00061	CBS	<http://www.wikidata.org/entity/Q43380>
clueweb12-0000tw-00-00061	Japan	<http://www.wikidata.org/entity/Q17>
clueweb12-0000tw-00-00061	New York Public Interest Research Group	<http://www.wikidata.org/entity/Q4537781>
clueweb12-0000tw-00-00061	Public Citizen	<http://www.wikidata.org/entity/Q7257343>
clueweb12-0000tw-00-00061	Washington Post	<http://www.wikidata.org/entity/Q166032>
clueweb12-0000tw-00-00061	Gen	<http://www.wikidata.org/entity/Q83460>
clueweb12-0000tw-00-00062	Brooklyn Tech	<http://www.wikidata.org/entity/Q2737843>
clueweb12-0000tw-00-00062	Times	<http://www.wikidata.org/entity/Q50008>
clueweb12-0000tw-00-00062	Occupy Wall Street	<http://www.wikidata.org/entity/Q180654>
clueweb12-0000tw-00-00062	OccupyWallStreet	<http://www.wikidata.org/entity/Q180654>
clueweb12-0000tw-00-00062	NYPD	<http://www.wikidata.org/entity/Q328473>
clueweb12-0000tw-00-00062	Bloomberg	<http://www.wikidata.org/entity/Q13977>
clueweb12-0000tw-00-00062	Bloomberg	<http://www.wikidata.org/entity/Q13977>
clueweb12-0000tw-00-00062	NYC	<http://www.wikidata.org/entity/Q60>
clueweb12-0000tw-00-00062	NYC	<http://www.wikidata.org/entity/Q60>
clueweb12-0000tw-00-00062	NYC	<http://www.wikidata.org/entity/Q60>
clueweb12-0000tw-00-00063	Levi	<http://www.wikidata.org/entity/Q127962>
clueweb12-0000tw-00-00063	Levi	<http://www.wikidata.org/entity/Q127962>
clueweb12-0000tw-00-00063	Levi	<http://www.wikidata.org/entity/Q127962>
clueweb12-0000tw-00-00063	Levi	<http://www.wikidata.org/entity/Q127962>
clueweb12-0000tw-00-00063	Jerusalem	<http://www.wikidata.org/entity/Q1218>
clueweb12-0000tw-00-00063	Rome	<http://www.wikidata.org/entity/Q220>
clueweb12-0000tw-00-00063	Romans	<http://www.wikidata.org/entity/Q1747689>
clueweb12-0000tw-00-00063	Princess Diana	<http://www.wikidata.org/entity/Q9685>
clueweb12-0000tw-00-00063	Ed McMahon	<http://www.wikidata.org/entity/Q555370>
clueweb12-0000tw-00-00063	US	<http://www.wikidata.org/entity/Q30>
clueweb12-0000tw-00-00063	US	<http://www.wikidata.org/entity/Q30>
clueweb12-0000tw-00-00063	US	<http://www.wikidata.org/entity/Q30>
clueweb12-0000tw-00-00063	Amazon	<http://www.wikidata.org/entity/Q10846439>
clueweb12-0000tw-00-00064	BA	<http://www.wikidata.org/entity/Q1765120>
clueweb12-0000tw-00-00064	Psychology	<http://www.wikidata.org/entity/Q9418>
clueweb12-0000tw-00-00064	Hope	<http://www.wikidata.org/entity/Q190507>
clueweb12-0000tw-00-00064	Meditation	<http://www.wikidata.org/entity/Q108458>
clueweb12-0000tw-00-00064	Harlequin	<http://www.wikidata.org/entity/Q612938>
clueweb12-0000tw-00-00064	Romance Writers of America	<http://www.wikidata.org/entity/Q2164832>
clueweb12-0000tw-00-00064	Canada	<http://www.wikidata.org/entity/Q16>
clueweb12-0000tw-00-00064	US	<http://www.wikidata.org/entity/Q30>
clueweb12-0000tw-00-00064	US	<http://www.wikidata.org/entity/Q30>
clueweb12-0000tw-00-00064	US	<http://www.wikidata.org/entity/Q30>
clueweb12-0000tw-00-00065	US	<http://www.wikidata.org/entity/Q30>
clueweb12-0000tw-00-00065	US	<http://www.wikidata.org/entity/Q30>
clueweb12-0000tw-00-00065	US	<http://www.wikidata.org/entity/Q30>
clueweb12-0000tw-00-00065	US	<http://www.wikidata.org/entity/Q30>
clueweb12-0000tw-00-00065	US	<http://www.wikidata.org/entity/Q30>
clueweb12-0000tw-00-00065	US	<http://www.wikidata.org/entity/Q30>
clueweb12-0000tw-00-00065	Amazon	<http://www.wikidata.org/entity/Q10846439>
clueweb12-0000tw-00-00065	Amazon	<http://www.wikidata.org/entity/Q10846439>
clueweb12-0000tw-00-00065	South African	<http://www.wikidata.org/entity/Q258>
clueweb12-0000tw-00-00065	Virginia beach	<http://www.wikidata.org/entity/Q49259>
clueweb12-0000tw-00-00065	Richmond	<http://www.wikidata.org/entity/Q43421>
clueweb12-0000tw-00-00065	John Williams	<http://www.wikidata.org/entity/Q131285>
clueweb12-0000tw-00-00065	John	<http://www.wikidata.org/entity/Q131285>
clueweb12-0000tw-00-00065	John	<http://www.wikidata.org/entity/Q131285>
clueweb12-0000tw-00-00065	Midwest	<http://www.wikidata.org/entity/Q186545>
clueweb12-0000tw-00-00065	India	<http://www.wikidata.org/entity/Q668>
clueweb12-0000tw-00-00066	CAPPUCCINO	<http://www.wikidata.org/entity/Q159774>
clueweb12-0000tw-00-00066	US	<http://www.wikidata.org/entity/Q30>
clueweb12-0000tw-00-00066	US	<http://www.wikidata.org/entity/Q30>
clueweb12-0000tw-00-00066	US	<http://www.wikidata.org/entity/Q30>
clueweb12-0000tw-00-00066	US	<http://www.wikidata.org/entity/Q30>
clueweb12-0000tw-00-00066	US	<http://www.wikidata.org/entity/Q30>
clueweb12-0000tw-00-00066	US	<http://www.wikidata.org/entity/Q30>
clueweb12-0000tw-00-00066	Amazon	<http://www.wikidata.org/entity/Q10846439>
clueweb12-0000tw-00-00066	Amazon	<http://www.wikidata.org/entity/Q10846439>
clueweb12-0000tw-00-00066	Midwest	<http://www.wikidata.org/entity/Q186545>
clueweb12-0000tw-00-00066	India	<http://www.wikidata.org/entity/Q668>
clueweb12-0000tw-00-00067	US	<http://www.wikidata.org/entity/Q30>
clueweb12-0000tw-00-00067	US	<http://www.wikidata.org/entity/Q30>
clueweb12-0000tw-00-00067	US	<http://www.wikidata.org/entity/Q30>
clueweb12-0000tw-00-00067	US	<http://www.wikidata.org/entity/Q30>
clueweb12-0000tw-00-00067	US	<http://www.wikidata.org/entity/Q30>
clueweb12-0000tw-00-00067	US	<http://www.wikidata.org/entity/Q30>
clueweb12-0000tw-00-00067	US	<http://www.wikidata.org/entity/Q30>
clueweb12-0000tw-00-00067	Amazon	<http://www.wikidata.org/entity/Q10846439>
clueweb12-0000tw-00-00067	Amazon	<http://www.wikidata.org/entity/Q10846439>
clueweb12-0000tw-00-00067	Mensa	<http://www.wikidata.org/entity/Q184194>
clueweb12-0000tw-00-00067	St. Croix	<http://www.wikidata.org/entity/Q642481>
clueweb12-0000tw-00-00067	Supreme Court	<http://www.wikidata.org/entity/Q11201>
clueweb12-0000tw-00-00067	South Carolina	<http://www.wikidata.org/entity/Q1456>
clueweb12-0000tw-00-00067	Richmond	<http://www.wikidata.org/entity/Q43421>
clueweb12-0000tw-00-00069	Wiccans	<http://www.wikidata.org/entity/Q59774>
clueweb12-0000tw-00-00069	Craft	<http://www.wikidata.org/entity/Q2207288>
clueweb12-0000tw-00-00069	Educator	<http://www.wikidata.org/entity/Q8434>
clueweb12-0000tw-00-00070	UK	<http://www.wikidata.org/entity/Q145>
clueweb12-0000tw-00-00070	UK	<http://www.wikidata.org/entity/Q145>
clueweb12-0000tw-00-00070	UK	<http://www.wikidata.org/entity/Q145>
clueweb12-0000tw-00-00070	UK	<http://www.wikidata.org/entity/Q145>
clueweb12-0000tw-00-00070	UK	<http://www.wikidata.org/entity/Q145>
clueweb12-0000tw-00-00070	Netflix	<http://www.wikidata.org/entity/Q907311>
clueweb12-0000tw-00-00070	Adobe	<http://www.wikidata.org/entity/Q183496>
clueweb12-0000tw-00-00070	New York Times	<http://www.wikidata.org/entity/Q9684>
clueweb12-0000tw-00-00070	Rocksteady	<http://www.wikidata.org/entity/Q2307159>
clueweb12-0000tw-00-00070	CVG	<http://www.wikidata.org/entity/Q277666>
clueweb12-0000tw-00-00070	US	<http://www.wikidata.org/entity/Q30>
clueweb12-0000tw-00-00070	Montreal	<http://www.wikidata.org/entity/Q340>
clueweb12-0000tw-00-00070	King Arthur	<http://www.wikidata.org/entity/Q45792>
clueweb12-0000tw-00-00070	Total War	<http://www.wikidata.org/entity/Q380346>
clueweb12-0000tw-00-00070	HR	<http://www.wikidata.org/entity/Q534851>
clueweb12-0000tw-00-00070	Team Ico	<http://www.wikidata.org/entity/Q932631>
clueweb12-0000tw-00-00070	Ico	<http://www.wikidata.org/entity/Q1324448>
clueweb12-0000tw-00-00070	Shadow of the Colossus	<http://www.wikidata.org/entity/Q846051>
clueweb12-0000tw-00-00070	Shadow of the Colossus	<http://www.wikidata.org/entity/Q846051>
clueweb12-0000tw-00-00070	Last Guardian	<http://www.wikidata.org/entity/Q2701341>
clueweb12-0000tw-00-00070	Last Guardian	<http://www.wikidata.org/entity/Q2701341>
clueweb12-0000tw-00-00070	Last Guardian	<http://www.wikidata.org/entity/Q2701341>
clueweb12-0000tw-00-00070	Fumito Ueda	<http://www.wikidata.org/entity/Q2524011>
clueweb12-0000tw-00-00070	Ueda	<http://www.wikidata.org/entity/Q2524011>
clueweb12-0000tw-00-00070	Sony	<http://www.wikidata.org/entity/Q41187>
clueweb12-0000tw-00-00070	Sony	<http://www.wikidata.org/entity/Q41187>
clueweb12-0000tw-00-00070	1UP	<http://www.wikidata.org/entity/Q281251>
clueweb12-0000tw-00-00070	Shuhei Yoshida	<http://www.wikidata.org/entity/Q11413590>
clueweb12-0000tw-00-00070	Yoshida	<http://www.wikidata.org/entity/Q11413590>
clueweb12-0000tw-00-00070	Wii U	<http://www.wikidata.org/entity/Q56942>
clueweb12-0000tw-00-00070	Wii U	<http://www.wikidata.org/entity/Q56942>
clueweb12-0000tw-00-00070	GameSpot	<http://www.wikidata.org/entity/Q45836>
clueweb12-0000tw-00-00070	PS Vita	<http://www.wikidata.org/entity/Q188808>
clueweb12-0000tw-00-00070	Juliet	<http://www.wikidata.org/entity/Q15643>
clueweb12-0000tw-00-00070	Juliet	<http://www.wikidata.org/entity/Q15643>
clueweb12-0000tw-00-00070	Juliet	<http://www.wikidata.org/entity/Q15643>
clueweb12-0000tw-00-00070	Juliet	<http://www.wikidata.org/entity/Q15643>
clueweb12-0000tw-00-00070	Lollipop Chainsaw	<http://www.wikidata.org/entity/Q1868703>
clueweb12-0000tw-00-00070	Suda 51	<http://www.wikidata.org/entity/Q920630>
clueweb12-0000tw-00-00070	PAX	<http://www.wikidata.org/entity/Q588487>
clueweb12-0000tw-00-00070	Splatter	<http://www.wikidata.org/entity/Q909586>
clueweb12-0000tw-00-00070	Spring	<http://www.wikidata.org/entity/Q1312>
clueweb12-0000tw-00-00070	Frictional Games	<http://www.wikidata.org/entity/Q1441169>
clueweb12-0000tw-00-00070	Frictional	<http://www.wikidata.org/entity/Q1441169>
clueweb12-0000tw-00-00070	Amnesia: The Dark Descent	<http://www.wikidata.org/entity/Q22986>
clueweb12-0000tw-00-00070	Google Maps	<http://www.wikidata.org/entity/Q12013>
clueweb12-0000tw-00-00070	China	<http://www.wikidata.org/entity/Q148>
clueweb12-0000tw-00-00070	China	<http://www.wikidata.org/entity/Q148>
clueweb12-0000tw-00-00070	Rock Paper Shotgun	<http://www.wikidata.org/entity/Q844055>
clueweb12-0000tw-00-00070	Mass Effect 3	<http://www.wikidata.org/entity/Q753511>
clueweb12-0000tw-00-00070	Mass Effect 3	<http://www.wikidata.org/entity/Q753511>
clueweb12-0000tw-00-00070	BioWare	<http://www.wikidata.org/entity/Q219758>
clueweb12-0000tw-00-00070	BioWare	<http://www.wikidata.org/entity/Q219758>
clueweb12-0000tw-00-00070	PS3	<http://www.wikidata.org/entity/Q10683>
clueweb12-0000tw-00-00070	Xbox 360	<http://www.wikidata.org/entity/Q48263>
clueweb12-0000tw-00-00070	Shurikens	<http://www.wikidata.org/entity/Q47098>
clueweb12-0000tw-00-00070	Old Republic	<http://www.wikidata.org/entity/Q737308>
clueweb12-0000tw-00-00070	Time	<http://www.wikidata.org/entity/Q43297>
clueweb12-0000tw-00-00070	Time	<http://www.wikidata.org/entity/Q43297>
clueweb12-0000tw-00-00070	Starhawk	<http://www.wikidata.org/entity/Q961171>
clueweb12-0000tw-00-00070	Skyrim	<http://www.wikidata.org/entity/Q323862>
clueweb12-0000tw-00-00070	Double Fine	<http://www.wikidata.org/entity/Q1251435>
clueweb12-0000tw-00-00071	Geek	<http://www.wikidata.org/entity/Q243697>
clueweb12-0000tw-00-00071	Geek	<http://www.wikidata.org/entity/Q243697>
clueweb12-0000tw-00-00071	Today	<http://www.wikidata.org/entity/Q130838>
clueweb12-0000tw-00-00071	Amazon	<http://www.wikidata.org/entity/Q10846439>
clueweb12-0000tw-00-00071	Kindle	<http://www.wikidata.org/entity/Q136469>
clueweb12-0000tw-00-00071	Barnes and Noble	<http://www.wikidata.org/entity/Q795454>
clueweb12-0000tw-00-00071	Nook	<http://www.wikidata.org/entity/Q2335771>
clueweb12-0000tw-00-00071	Apple	<http://www.wikidata.org/entity/Q312>
clueweb12-0000tw-00-00071	iPad	<http://www.wikidata.org/entity/Q2796>
clueweb12-0000tw-00-00071	iPad	<http://www.wikidata.org/entity/Q2796>
clueweb12-0000tw-00-00071	Thunderdome	<http://www.wikidata.org/entity/Q426663>
clueweb12-0000tw-00-00071	Twitter	<http://www.wikidata.org/entity/Q918>
clueweb12-0000tw-00-00071	Old Republic	<http://www.wikidata.org/entity/Q737308>
clueweb12-0000tw-00-00071	Time	<http://www.wikidata.org/entity/Q43297>
clueweb12-0000tw-00-00071	Time	<http://www.wikidata.org/entity/Q43297>
clueweb12-0000tw-00-00071	Skyrim	<http://www.wikidata.org/entity/Q323862>
clueweb12-0000tw-00-00071	Double Fine	<http://www.wikidata.org/entity/Q1251435>
clueweb12-0000tw-00-00072	Old Republic	<http://www.wikidata.org/entity/Q737308>
clueweb12-0000tw-00-00072	Time	<http://www.wikidata.org/entity/Q43297>
clueweb12-0000tw-00-00072	Time	<http://www.wikidata.org/entity/Q43297>
clueweb12-0000tw-00-00072	Skyrim	<http://www.wikidata.org/entity/Q323862>
clueweb12-0000tw-00-00073	PSN	<http://www.wikidata.org/entity/Q719629>
clueweb12-0000tw-00-00073	PSN	<http://www.wikidata.org/entity/Q719629>
clueweb12-0000tw-00-00073	PSN	<http://www.wikidata.org/entity/Q719629>
clueweb12-0000tw-00-00073	Catherine	<http://www.wikidata.org/entity/Q277377>
clueweb12-0000tw-00-00073	Catherine	<http://www.wikidata.org/entity/Q277377>
clueweb12-0000tw-00-00073	Catherine	<http://www.wikidata.org/entity/Q277377>
clueweb12-0000tw-00-00073	PS2	<http://www.wikidata.org/entity/Q10680>
clueweb12-0000tw-00-00073	DLC	<http://www.wikidata.org/entity/Q1066707>
clueweb12-0000tw-00-00073	Final Fantasy XIII-2	<http://www.wikidata.org/entity/Q1416043>
clueweb12-0000tw-00-00073	Katherine	<http://www.wikidata.org/entity/Q17980>
clueweb12-0000tw-00-00073	Naughty Dog	<http://www.wikidata.org/entity/Q720871>
clueweb12-0000tw-00-00073	Jak and Daxter	<http://www.wikidata.org/entity/Q1678804>
clueweb12-0000tw-00-00073	GTA	<http://www.wikidata.org/entity/Q132730>
clueweb12-0000tw-00-00073	Burns	<http://www.wikidata.org/entity/Q170518>
clueweb12-0000tw-00-00073	Smithers	<http://www.wikidata.org/entity/Q1504443>
clueweb12-0000tw-00-00073	The Simpsons Arcade Game	<http://www.wikidata.org/entity/Q1707018>
clueweb12-0000tw-00-00073	Shurikens	<http://www.wikidata.org/entity/Q47098>
clueweb12-0000tw-00-00073	Old Republic	<http://www.wikidata.org/entity/Q737308>
clueweb12-0000tw-00-00073	Time	<http://www.wikidata.org/entity/Q43297>
clueweb12-0000tw-00-00073	Time	<http://www.wikidata.org/entity/Q43297>
clueweb12-0000tw-00-00073	Starhawk	<http://www.wikidata.org/entity/Q961171>
clueweb12-0000tw-00-00073	Skyrim	<http://www.wikidata.org/entity/Q323862>
clueweb12-0000tw-00-00074	Valve	<http://www.wikidata.org/entity/Q193559>
clueweb12-0000tw-00-00074	Valve	<http://www.wikidata.org/entity/Q193559>
clueweb12-0000tw-00-00074	Valve	<http://www.wikidata.org/entity/Q193559>
clueweb12-0000tw-00-00074	Valve	<http://www.wikidata.org/entity/Q193559>
clueweb12-0000tw-00-00074	Valve	<http://www.wikidata.org/entity/Q193559>
clueweb12-0000tw-00-00074	Valve	<http://www.wikidata.org/entity/Q193559>
clueweb12-0000tw-00-00074	Valve	<http://www.wikidata.org/entity/Q193559>
clueweb12-0000tw-00-00074	Blizzard	<http://www.wikidata.org/entity/Q178824>
clueweb12-0000tw-00-00074	Blizzard	<http://www.wikidata.org/entity/Q178824>
clueweb12-0000tw-00-00074	Blizzard	<http://www.wikidata.org/entity/Q178824>
clueweb12-0000tw-00-00074	Blizzard	<http://www.wikidata.org/entity/Q178824>
clueweb12-0000tw-00-00074	Blizzard	<http://www.wikidata.org/entity/Q178824>
clueweb12-0000tw-00-00074	Blizzard	<http://www.wikidata.org/entity/Q178824>
clueweb12-0000tw-00-00074	Blizzard	<http://www.wikidata.org/entity/Q178824>
clueweb12-0000tw-00-00074	Blizzard	<http://www.wikidata.org/entity/Q178824>
clueweb12-0000tw-00-00074	Blizzard	<http://www.wikidata.org/entity/Q178824>
clueweb12-0000tw-00-00074	Blizzard	<http://www.wikidata.org/entity/Q178824>
clueweb12-0000tw-00-00074	RTS	<http://www.wikidata.org/entity/Q208189>
clueweb12-0000tw-00-00074	Warcraft 3	<http://www.wikidata.org/entity/Q207948>
clueweb12-0000tw-00-00074	DOTA 2	<http://www.wikidata.org/entity/Q771541>
clueweb12-0000tw-00-00074	Dota 2	<http://www.wikidata.org/entity/Q771541>
clueweb12-0000tw-00-00074	Icefrog	<http://www.wikidata.org/entity/Q3456319>
clueweb12-0000tw-00-00074	Icefrog	<http://www.wikidata.org/entity/Q3456319>
clueweb12-0000tw-00-00074	Starcraft 2	<http://www.wikidata.org/entity/Q239288>
clueweb12-0000tw-00-00074	Defense of the Ancients	<http://www.wikidata.org/entity/Q215936>
clueweb12-0000tw-00-00074	Dota	<http://www.wikidata.org/entity/Q215936>
clueweb12-0000tw-00-00074	EULA	<http://www.wikidata.org/entity/Q725920>
clueweb12-0000tw-00-00074	Program	<http://www.wikidata.org/entity/Q603948>
clueweb12-0000tw-00-00074	Program	<http://www.wikidata.org/entity/Q603948>
clueweb12-0000tw-00-00074	Shurikens	<http://www.wikidata.org/entity/Q47098>
clueweb12-0000tw-00-00074	Old Republic	<http://www.wikidata.org/entity/Q737308>
clueweb12-0000tw-00-00074	Time	<http://www.wikidata.org/entity/Q43297>
clueweb12-0000tw-00-00074	Time	<http://www.wikidata.org/entity/Q43297>
clueweb12-0000tw-00-00074	Skyrim	<http://www.wikidata.org/entity/Q323862>
clueweb12-0000tw-00-00074	Double Fine	<http://www.wikidata.org/entity/Q1251435>
clueweb12-0000tw-00-00075	Frictional Games	<http://www.wikidata.org/entity/Q1441169>
clueweb12-0000tw-00-00075	Frictional Games	<http://www.wikidata.org/entity/Q1441169>
clueweb12-0000tw-00-00075	Frictional	<http://www.wikidata.org/entity/Q1441169>
clueweb12-0000tw-00-00075	Amnesia: The Dark Descent	<http://www.wikidata.org/entity/Q22986>
clueweb12-0000tw-00-00075	Google Maps	<http://www.wikidata.org/entity/Q12013>
clueweb12-0000tw-00-00075	China	<http://www.wikidata.org/entity/Q148>
clueweb12-0000tw-00-00075	China	<http://www.wikidata.org/entity/Q148>
clueweb12-0000tw-00-00075	Rock Paper Shotgun	<http://www.wikidata.org/entity/Q844055>
clueweb12-0000tw-00-00075	Old Republic	<http://www.wikidata.org/entity/Q737308>
clueweb12-0000tw-00-00075	Time	<http://www.wikidata.org/entity/Q43297>
clueweb12-0000tw-00-00075	Time	<http://www.wikidata.org/entity/Q43297>
clueweb12-0000tw-00-00075	Skyrim	<http://www.wikidata.org/entity/Q323862>
clueweb12-0000tw-00-00076	Old Republic	<http://www.wikidata.org/entity/Q737308>
clueweb12-0000tw-00-00076	Time	<http://www.wikidata.org/entity/Q43297>
clueweb12-0000tw-00-00076	Time	<http://www.wikidata.org/entity/Q43297>
clueweb12-0000tw-00-00076	Starhawk	<http://www.wikidata.org/entity/Q961171>
clueweb12-0000tw-00-00076	Skyrim	<http://www.wikidata.org/entity/Q323862>
clueweb12-0000tw-00-00076	Double Fine	<http://www.wikidata.org/entity/Q1251435>
clueweb12-0000tw-00-00077	Mass Effect 3	<http://www.wikidata.org/entity/Q753511>
clueweb12-0000tw-00-00077	Mass Effect 3	<http://www.wikidata.org/entity/Q753511>
clueweb12-0000tw-00-00077	Mass Effect	<http://www.wikidata.org/entity/Q753511>
clueweb12-0000tw-00-00077	Mass Effect 3	<http://www.wikidata.org/entity/Q753511>
clueweb12-0000tw-00-00077	BioWare	<http://www.wikidata.org/entity/Q219758>
clueweb12-0000tw-00-00077	BioWare	<http://www.wikidata.org/entity/Q219758>
clueweb12-0000tw-00-00077	PS3	<http://www.wikidata.org/entity/Q10683>
clueweb12-0000tw-00-00077	Xbox 360	<http://www.wikidata.org/entity/Q48263>
clueweb12-0000tw-00-00077	Mass Effect 2	<http://www.wikidata.org/entity/Q725057>
clueweb12-0000tw-00-00077	Shurikens	<http://www.wikidata.org/entity/Q47098>
clueweb12-0000tw-00-00077	Old Republic	<http://www.wikidata.org/entity/Q737308>
clueweb12-0000tw-00-00077	Time	<http://www.wikidata.org/entity/Q43297>
clueweb12-0000tw-00-00077	Time	<http://www.wikidata.org/entity/Q43297>
clueweb12-0000tw-00-00077	Starhawk	<http://www.wikidata.org/entity/Q961171>
clueweb12-0000tw-00-00077	Skyrim	<http://www.wikidata.org/entity/Q323862>
clueweb12-0000tw-00-00077	Double Fine	<http://www.wikidata.org/entity/Q1251435>
clueweb12-0000tw-00-00079	Twitter	<http://www.wikidata.org/entity/Q918>
clueweb12-0000tw-00-00079	Twitter	<http://www.wikidata.org/entity/Q918>
clueweb12-0000tw-00-00079	Twitter	<http://www.wikidata.org/entity/Q918>
clueweb12-0000tw-00-00079	Click	<http://www.wikidata.org/entity/Q427013>
clueweb12-0000tw-00-00080	Hue	<http://www.wikidata.org/entity/Q372948>
clueweb12-0000tw-00-00080	America	<http://www.wikidata.org/entity/Q30>
clueweb12-0000tw-00-00080	Blue	<http://www.wikidata.org/entity/Q166194>
clueweb12-0000tw-00-00080	Blue	<http://www.wikidata.org/entity/Q166194>
clueweb12-0000tw-00-00080	Blue	<http://www.wikidata.org/entity/Q166194>
clueweb12-0000tw-00-00080	Red Green Blue	<http://www.wikidata.org/entity/Q166194>
clueweb12-0000tw-00-00080	RGB	<http://www.wikidata.org/entity/Q166194>
clueweb12-0000tw-00-00080	Postbox	<http://www.wikidata.org/entity/Q49844>
clueweb12-0000tw-00-00080	Billings	<http://www.wikidata.org/entity/Q166304>
clueweb12-0000tw-00-00080	Gray	<http://www.wikidata.org/entity/Q42519>
clueweb12-0000tw-00-00080	BFA	<http://www.wikidata.org/entity/Q2878277>
clueweb12-0000tw-00-00080	Graphic Design	<http://www.wikidata.org/entity/Q185925>
clueweb12-0000tw-00-00080	Adobe	<http://www.wikidata.org/entity/Q11463>
clueweb12-0000tw-00-00081	Robert Cialdini	<http://www.wikidata.org/entity/Q1198516>
clueweb12-0000tw-00-00081	Cialdini	<http://www.wikidata.org/entity/Q1198516>
clueweb12-0000tw-00-00081	Wordpress	<http://www.wikidata.org/entity/Q13166>
clueweb12-0000tw-00-00081	Mich	<http://www.wikidata.org/entity/Q1166>
clueweb12-0000tw-00-00082	Money	<http://www.wikidata.org/entity/Q1368>
clueweb12-0000tw-00-00082	Men's Health	<http://www.wikidata.org/entity/Q384671>
clueweb12-0000tw-00-00082	Jet	<http://www.wikidata.org/entity/Q206592>
clueweb12-0000tw-00-00082	Fortune	<http://www.wikidata.org/entity/Q372989>
clueweb12-0000tw-00-00082	Financial Times	<http://www.wikidata.org/entity/Q183399>
clueweb12-0000tw-00-00082	Forbes	<http://www.wikidata.org/entity/Q956568>
clueweb12-0000tw-00-00082	US	<http://www.wikidata.org/entity/Q30>
clueweb12-0000tw-00-00082	Illinois	<http://www.wikidata.org/entity/Q1204>
clueweb12-0000tw-00-00082	Angelina Jolie	<http://www.wikidata.org/entity/Q13909>
clueweb12-0000tw-00-00082	Brad Pitt	<http://www.wikidata.org/entity/Q35332>
clueweb12-0000tw-00-00082	Twitter	<http://www.wikidata.org/entity/Q918>
clueweb12-0000tw-00-00082	Google+	<http://www.wikidata.org/entity/Q356>
clueweb12-0000tw-00-00083	Blogger	<http://www.wikidata.org/entity/Q171186>
clueweb12-0000tw-00-00083	Blogger	<http://www.wikidata.org/entity/Q171186>
clueweb12-0000tw-00-00083	Blogger	<http://www.wikidata.org/entity/Q171186>
clueweb12-0000tw-00-00083	Blogger	<http://www.wikidata.org/entity/Q171186>
clueweb12-0000tw-00-00083	Blogger	<http://www.wikidata.org/entity/Q171186>
clueweb12-0000tw-00-00083	Blogger	<http://www.wikidata.org/entity/Q171186>
clueweb12-0000tw-00-00083	Blogger	<http://www.wikidata.org/entity/Q171186>
clueweb12-0000tw-00-00083	Blogger	<http://www.wikidata.org/entity/Q171186>
clueweb12-0000tw-00-00083	Blogger	<http://www.wikidata.org/entity/Q171186>
clueweb12-0000tw-00-00083	Blogger	<http://www.wikidata.org/entity/Q171186>
clueweb12-0000tw-00-00083	Blogger	<http://www.wikidata.org/entity/Q171186>
clueweb12-0000tw-00-00083	Blogger	<http://www.wikidata.org/entity/Q171186>
clueweb12-0000tw-00-00083	Blogger	<http://www.wikidata.org/entity/Q171186>
clueweb12-0000tw-00-00083	Blogger	<http://www.wikidata.org/entity/Q171186>
clueweb12-0000tw-00-00083	Blogger	<http://www.wikidata.org/entity/Q171186>
clueweb12-0000tw-00-00083	Blogger	<http://www.wikidata.org/entity/Q171186>
clueweb12-0000tw-00-00083	Blogger	<http://www.wikidata.org/entity/Q171186>
clueweb12-0000tw-00-00083	Blogger	<http://www.wikidata.org/entity/Q171186>
clueweb12-0000tw-00-00083	BlogSpot	<http://www.wikidata.org/entity/Q171186>
clueweb12-0000tw-00-00083	Wordpress	<http://www.wikidata.org/entity/Q13166>
clueweb12-0000tw-00-00083	Wordpress	<http://www.wikidata.org/entity/Q13166>
clueweb12-0000tw-00-00083	Wordpress	<http://www.wikidata.org/entity/Q13166>
clueweb12-0000tw-00-00083	Wordpress	<http://www.wikidata.org/entity/Q13166>
clueweb12-0000tw-00-00083	Wordpress	<http://www.wikidata.org/entity/Q13166>
clueweb12-0000tw-00-00083	Wordpress	<http://www.wikidata.org/entity/Q13166>
clueweb12-0000tw-00-00083	Wordpress	<http://www.wikidata.org/entity/Q13166>
clueweb12-0000tw-00-00083	Wordpress	<http://www.wikidata.org/entity/Q13166>
clueweb12-0000tw-00-00083	Wordpress	<http://www.wikidata.org/entity/Q13166>
clueweb12-0000tw-00-00083	Wordpress	<http://www.wikidata.org/entity/Q13166>
clueweb12-0000tw-00-00083	Wordpress	<http://www.wikidata.org/entity/Q13166>
clueweb12-0000tw-00-00083	Wordpress	<http://www.wikidata.org/entity/Q13166>
clueweb12-0000tw-00-00083	Wordpress	<http://www.wikidata.org/entity/Q13166>
clueweb12-0000tw-00-00083	Wordpress	<http://www.wikidata.org/entity/Q13166>
clueweb12-0000tw-00-00083	Wordpress	<http://www.wikidata.org/entity/Q13166>
clueweb12-0000tw-00-00083	Wordpress	<http://www.wikidata.org/entity/Q13166>
clueweb12-0000tw-00-00083	Wordpress	<http://www.wikidata.org/entity/Q13166>
clueweb12-0000tw-00-00083	Wordpress	<http://www.wikidata.org/entity/Q13166>
clueweb12-0000tw-00-00083	Wordpress	<http://www.wikidata.org/entity/Q13166>
clueweb12-0000tw-00-00083	Wordpress	<http://www.wikidata.org/entity/Q13166>
clueweb12-0000tw-00-00083	Wordpress	<http://www.wikidata.org/entity/Q13166>
clueweb12-0000tw-00-00083	Wordpress	<http://www.wikidata.org/entity/Q13166>
clueweb12-0000tw-00-00083	WordPress	<http://www.wikidata.org/entity/Q13166>
clueweb12-0000tw-00-00083	Google	<http://www.wikidata.org/entity/Q95>
clueweb12-0000tw-00-00083	Feedburner	<http://www.wikidata.org/entity/Q776845>
clueweb12-0000tw-00-00083	Feedburner	<http://www.wikidata.org/entity/Q776845>
clueweb12-0000tw-00-00083	Feedburner	<http://www.wikidata.org/entity/Q776845>
clueweb12-0000tw-00-00083	phpMyAdmin	<http://www.wikidata.org/entity/Q188104>
clueweb12-0000tw-00-00083	Orange County	<http://www.wikidata.org/entity/Q5925>
clueweb12-0000tw-00-00083	CA	<http://www.wikidata.org/entity/Q99>
clueweb12-0000tw-00-00083	Twitter	<http://www.wikidata.org/entity/Q918>
clueweb12-0000tw-00-00083	NIce	<http://www.wikidata.org/entity/Q33959>
clueweb12-0000tw-00-00083	SEO	<http://www.wikidata.org/entity/Q180711>
clueweb12-0000tw-00-00083	Picasa	<http://www.wikidata.org/entity/Q9349>
clueweb12-0000tw-00-00083	WP	<http://www.wikidata.org/entity/Q1185489>
clueweb12-0000tw-00-00083	Company	<http://www.wikidata.org/entity/Q783794>
clueweb12-0000tw-00-00084	eCommerce	<http://www.wikidata.org/entity/Q484847>
clueweb12-0000tw-00-00084	iPhone	<http://www.wikidata.org/entity/Q2766>
clueweb12-0000tw-00-00084	iPhone	<http://www.wikidata.org/entity/Q2766>
clueweb12-0000tw-00-00084	iPhone	<http://www.wikidata.org/entity/Q2766>
clueweb12-0000tw-00-00084	iPhone	<http://www.wikidata.org/entity/Q2766>
clueweb12-0000tw-00-00084	Kindle	<http://www.wikidata.org/entity/Q136469>
clueweb12-0000tw-00-00084	4G	<http://www.wikidata.org/entity/Q79697>
clueweb12-0000tw-00-00084	Cart	<http://www.wikidata.org/entity/Q234668>
clueweb12-0000tw-00-00084	Kindle Fire	<http://www.wikidata.org/entity/Q196561>
clueweb12-0000tw-00-00084	Kindle Fire	<http://www.wikidata.org/entity/Q196561>
clueweb12-0000tw-00-00084	Kindle Fire	<http://www.wikidata.org/entity/Q196561>
clueweb12-0000tw-00-00084	CTA	<http://www.wikidata.org/entity/Q117309>
clueweb12-0000tw-00-00085	GOP	<http://www.wikidata.org/entity/Q29468>
clueweb12-0000tw-00-00085	GOP	<http://www.wikidata.org/entity/Q29468>
clueweb12-0000tw-00-00085	GOP	<http://www.wikidata.org/entity/Q29468>
clueweb12-0000tw-00-00085	GOP	<http://www.wikidata.org/entity/Q29468>
clueweb12-0000tw-00-00085	Republican	<http://www.wikidata.org/entity/Q29468>
clueweb12-0000tw-00-00085	Barack Obama	<http://www.wikidata.org/entity/Q76>
clueweb12-0000tw-00-00085	Democratic Party	<http://www.wikidata.org/entity/Q29552>
clueweb12-0000tw-00-00085	Romney	<http://www.wikidata.org/entity/Q2129729>
clueweb12-0000tw-00-00085	Romney	<http://www.wikidata.org/entity/Q2129729>
clueweb12-0000tw-00-00085	Romney	<http://www.wikidata.org/entity/Q2129729>
clueweb12-0000tw-00-00085	Romney	<http://www.wikidata.org/entity/Q2129729>
clueweb12-0000tw-00-00085	Facebook	<http://www.wikidata.org/entity/Q355>
clueweb12-0000tw-00-00085	Twitter	<http://www.wikidata.org/entity/Q918>
clueweb12-0000tw-00-00085	Twitter	<http://www.wikidata.org/entity/Q918>
clueweb12-0000tw-00-00085	Google+	<http://www.wikidata.org/entity/Q356>
clueweb12-0000tw-00-00085	Iowa	<http://www.wikidata.org/entity/Q1546>
clueweb12-0000tw-00-00085	New Hampshire	<http://www.wikidata.org/entity/Q759>
clueweb12-0000tw-00-00085	Ron Paul	<http://www.wikidata.org/entity/Q15257>
clueweb12-0000tw-00-00085	Paul	<http://www.wikidata.org/entity/Q15257>
clueweb12-0000tw-00-00085	Ron Paul	<http://www.wikidata.org/entity/Q15257>
clueweb12-0000tw-00-00085	Paul	<http://www.wikidata.org/entity/Q15257>
clueweb12-0000tw-00-00085	WordPress	<http://www.wikidata.org/entity/Q13166>
clueweb12-0000tw-00-00085	Drupal	<http://www.wikidata.org/entity/Q170855>
clueweb12-0000tw-00-00085	Santorum	<http://www.wikidata.org/entity/Q155985>
clueweb12-0000tw-00-00085	Rick Perry	<http://www.wikidata.org/entity/Q215057>
clueweb12-0000tw-00-00085	Herman Cain	<http://www.wikidata.org/entity/Q491019>
clueweb12-0000tw-00-00085	Michelle Bachmann	<http://www.wikidata.org/entity/Q160582>
clueweb12-0000tw-00-00085	SEO	<http://www.wikidata.org/entity/Q180711>
clueweb12-0000tw-00-00086	Hootsuite	<http://www.wikidata.org/entity/Q2749075>
clueweb12-0000tw-00-00086	HootSuite	<http://www.wikidata.org/entity/Q2749075>
clueweb12-0000tw-00-00086	HootSuite	<http://www.wikidata.org/entity/Q2749075>
clueweb12-0000tw-00-00086	HootSuite	<http://www.wikidata.org/entity/Q2749075>
clueweb12-0000tw-00-00086	Tweetdeck	<http://www.wikidata.org/entity/Q931346>
clueweb12-0000tw-00-00086	Tweetdeck	<http://www.wikidata.org/entity/Q931346>
clueweb12-0000tw-00-00086	Tweetdeck	<http://www.wikidata.org/entity/Q931346>
clueweb12-0000tw-00-00086	Tweetdeck	<http://www.wikidata.org/entity/Q931346>
clueweb12-0000tw-00-00086	Tweetdeck	<http://www.wikidata.org/entity/Q931346>
clueweb12-0000tw-00-00086	Trend	<http://www.wikidata.org/entity/Q1004322>
clueweb12-0000tw-00-00086	Save	<http://www.wikidata.org/entity/Q1377846>
clueweb12-0000tw-00-00086	Save	<http://www.wikidata.org/entity/Q1377846>
clueweb12-0000tw-00-00086	Google+	<http://www.wikidata.org/entity/Q356>
clueweb12-0000tw-00-00086	Google+	<http://www.wikidata.org/entity/Q356>
clueweb12-0000tw-00-00086	Google+	<http://www.wikidata.org/entity/Q356>
clueweb12-0000tw-00-00086	Google+	<http://www.wikidata.org/entity/Q356>
clueweb12-0000tw-00-00086	Google+	<http://www.wikidata.org/entity/Q356>
clueweb12-0000tw-00-00086	Google+	<http://www.wikidata.org/entity/Q356>
clueweb12-0000tw-00-00086	Google Analytics	<http://www.wikidata.org/entity/Q220577>
clueweb12-0000tw-00-00088	Mileage Plus	<http://www.wikidata.org/entity/Q6851134>
clueweb12-0000tw-00-00088	Mileage Plus	<http://www.wikidata.org/entity/Q6851134>
clueweb12-0000tw-00-00088	Mileage Plus	<http://www.wikidata.org/entity/Q6851134>
clueweb12-0000tw-00-00088	Continental	<http://www.wikidata.org/entity/Q216486>
clueweb12-0000tw-00-00088	Continental	<http://www.wikidata.org/entity/Q216486>
clueweb12-0000tw-00-00088	Continental	<http://www.wikidata.org/entity/Q216486>
clueweb12-0000tw-00-00088	UA	<http://www.wikidata.org/entity/Q174769>
clueweb12-0000tw-00-00088	CO	<http://www.wikidata.org/entity/Q1261>
clueweb12-0000tw-00-00088	EWR	<http://www.wikidata.org/entity/Q466786>
clueweb12-0000tw-00-00088	IAH	<http://www.wikidata.org/entity/Q744748>
clueweb12-0000tw-00-00088	IMO	<http://www.wikidata.org/entity/Q201054>
clueweb12-0000tw-00-00088	IMO	<http://www.wikidata.org/entity/Q201054>
clueweb12-0000tw-00-00088	East Coast	<http://www.wikidata.org/entity/Q4268>
clueweb12-0000tw-00-00088	East Coast	<http://www.wikidata.org/entity/Q4268>
clueweb12-0000tw-00-00088	LHR	<http://www.wikidata.org/entity/Q8691>
clueweb12-0000tw-00-00088	DUB	<http://www.wikidata.org/entity/Q212688>
clueweb12-0000tw-00-00088	FRA	<http://www.wikidata.org/entity/Q142>
clueweb12-0000tw-00-00088	AMS	<http://www.wikidata.org/entity/Q465726>
clueweb12-0000tw-00-00089	Mileage Plus	<http://www.wikidata.org/entity/Q6851134>
clueweb12-0000tw-00-00089	Mileage Plus	<http://www.wikidata.org/entity/Q6851134>
clueweb12-0000tw-00-00089	Mileage Plus	<http://www.wikidata.org/entity/Q6851134>
clueweb12-0000tw-00-00089	Continental	<http://www.wikidata.org/entity/Q216486>
clueweb12-0000tw-00-00089	Continental	<http://www.wikidata.org/entity/Q216486>
clueweb12-0000tw-00-00089	Continental	<http://www.wikidata.org/entity/Q216486>
clueweb12-0000tw-00-00089	UA	<http://www.wikidata.org/entity/Q174769>
clueweb12-0000tw-00-00089	CO	<http://www.wikidata.org/entity/Q1261>
clueweb12-0000tw-00-00089	EWR	<http://www.wikidata.org/entity/Q466786>
clueweb12-0000tw-00-00089	IAH	<http://www.wikidata.org/entity/Q744748>
clueweb12-0000tw-00-00089	IMO	<http://www.wikidata.org/entity/Q201054>
clueweb12-0000tw-00-00089	IMO	<http://www.wikidata.org/entity/Q201054>
clueweb12-0000tw-00-00089	East Coast	<http://www.wikidata.org/entity/Q4268>
clueweb12-0000tw-00-00089	East Coast	<http://www.wikidata.org/entity/Q4268>
clueweb12-0000tw-00-00089	LHR	<http://www.wikidata.org/entity/Q8691>
clueweb12-0000tw-00-00089	DUB	<http://www.wikidata.org/entity/Q212688>
clueweb12-0000tw-00-00089	FRA	<http://www.wikidata.org/entity/Q142>
clueweb12-0000tw-00-00089	AMS	<http://www.wikidata.org/entity/Q465726>
clueweb12-0000tw-00-00090	Ghost Adventures	<http://www.wikidata.org/entity/Q3243445>
clueweb12-0000tw-00-00092	Log In	<http://www.wikidata.org/entity/Q472302>
